时间	类型	标题	消息	会话ID
2026/8/25 02:35:30	主会话	你是什么模型	用户15/助手23	session-24d59544-0f41-4002-abb6-2df03a5f24c4
2026/8/25 02:53:45	主会话	用户体验模拟改进报告	用户8/助手24	session-7dfccb75-6426-4d35-b5ba-a01c1825cfd4
2026/8/25 02:59:42	子代理	对 ResuAlign-Lite 项目（个人自托	用户2/助手0	66d6a177-b9c4-4df9-83c9-91e96f5c958d
2026/8/25 03:04:15	子代理	对 ResuAlign-Lite 项目（个人自托	用户2/助手29	ad09d316-87f1-4710-90c8-372a2b895410
2026/8/25 03:26:09	子代理	对 ResuAlign-Lite 项目（个人自托	用户2/助手21	c267a4d9-7c38-4765-b6a5-6a4e58ad3b73
2026/8/25 03:34:09	子代理	对 ResuAlign 求职工作台（本地 W	用户2/助手30	1fd211d2-6216-4b04-942c-24a7eedf5155
2026/8/25 13:35:31	主会话	(无标题)	用户0/助手0	session-84caf3ba-5a35-473f-ab6a-8b366d3569bf
2026/8/25 13:53:58	子代理	你是增长产品经理，与另一位	用户2/助手9	27eae5c8-4a7e-40c0-8e25-132451a60883
2026/8/25 13:53:58	子代理	你是 UI 设计师，与另一位「增	用户2/助手4	f2929a4e-dd0e-4272-84e8-b74ea6c46481
2026/8/25 13:53:58	子代理	你是 AI 工程师，任务：优化项	用户2/助手18	a61176b3-1b82-477b-a9ac-7cb111b523b5
2026/8/25 13:53:58	子代理	你是提示词工程师，任务：编	用户2/助手12	dca3c763-0150-4393-b8f7-53eebafbaa33
2026/8/25 14:01:58	子代理	你是高级开发者，是本轮 5 人	用户2/助手24	11887043-c0aa-448d-8e63-f45fc0ee55ba
2026/8/25 14:24:12	子代理	你是 AI 工程师（重试第 1 次，	用户2/助手13	87a17e3e-8b95-4c4a-ae1f-16e040d07071
2026/8/25 14:24:12	子代理	你是高级开发者（重试第 1 次	用户2/助手44	238110fb-9e9f-42db-ae22-ec569a160aa3
2026/8/25 14:52:30	子代理	你是增长产品经理，进行 R2 合	用户2/助手9	8050851d-34de-4237-a0b5-f9dde9882c46
2026/8/25 14:52:30	子代理	你是 UI 设计师，进行 R2 合议	用户2/助手13	3128f4e5-f466-4b74-9ec6-a213e2b298c5
2026/8/25 14:54:17	子代理	你是高级开发者，做 R3 收尾微	用户2/助手16	55e3ac41-1efe-4560-8c74-9b872a83bce2
2026/8/25 17:02:25	子代理	你是高级开发者，本轮落地两	用户2/助手8	0b4339c0-4561-4b87-b9f7-6f50a4d6fdd1
2026/8/25 17:05:35	主会话	DeepSeek重启会话数据恢复方法	用户4/助手38	session-28d04bf9-877e-4895-8c24-290d7e1589ef
2026/8/25 17:26:40	主会话	重启后会话记录丢失	用户4/助手16	session-c3d98af7-0561-4af1-8826-0bda89278dab
2026/8/25 17:39:43	主会话	恢复历史会话记录	用户2/助手35	session-b9a666e6-1a42-403c-b1b4-cfb5e5331c89